{
    "project" : {
      "id" : "code_flagguesser-7078970-tuU",
      "name" : "code_flagguesser-7078970-tuU",
      "folder" : "/jaicp"
    },
    "settings" : {
      "language" : "ru",
      "spellingCorrection" : false,
      "classificationAlgorithm" : "sts",
      "timezone" : "Europe/Moscow",
      "extendedSettings" : {
        "tokenizerEngine" : "default"
      },
      "shared" : false,
      "businessShared" : false,
      "business" : false
    },
    "intents" : [ ],
    "entities" : [ ],
    "enabledSystemEntities" : [ "duckling.number", "duckling.time", "duckling.duration", "duckling.phone-number", "duckling.email", "duckling.url" ]
  }